team,comparison_team,neighbour_rank,euclidean_distance,attacking_territory_z_difference,attacking_territory_absolute_z_difference,pass_verticality_z_difference,pass_verticality_absolute_z_difference,pressing_intensity_z_difference,pressing_intensity_absolute_z_difference,attacking_width_z_difference,attacking_width_absolute_z_difference,counterattacking_tendency_z_difference,counterattacking_tendency_absolute_z_difference
AFC Bournemouth,Swansea City,1,1.557469,0.693047,0.693047,0.250594,0.250594,0.833116,0.833116,0.855172,0.855172,0.676164,0.676164
AFC Bournemouth,Manchester United,2,2.022355,-1.576933,1.576933,0.836627,0.836627,0.120864,0.120864,-0.111377,0.111377,0.936079,0.936079
AFC Bournemouth,Chelsea,3,2.257509,-0.843710,0.843710,0.321628,0.321628,0.506087,0.506087,1.819161,1.819161,-0.845924,0.845924
AFC Bournemouth,Crystal Palace,4,2.268869,1.215343,1.215343,-1.600247,1.600247,1.007449,1.007449,0.293165,0.293165,0.094951,0.094951
AFC Bournemouth,Aston Villa,5,2.304958,0.893930,0.893930,-0.359118,0.359118,1.861207,1.861207,0.919182,0.919182,0.275261,0.275261
Arsenal,Chelsea,1,1.696545,0.200883,0.200883,-0.236781,0.236781,-0.427998,0.427998,-0.453190,0.453190,-1.547024,1.547024
Arsenal,Swansea City,2,2.265691,1.737640,1.737640,-0.307816,0.307816,-0.100969,0.100969,-1.417179,1.417179,-0.024937,0.024937
Arsenal,Stoke City,3,2.414794,2.018876,2.018876,-1.057623,1.057623,0.714491,0.714491,-0.211233,0.211233,0.285811,0.285811
Arsenal,Everton,4,2.446229,1.516668,1.516668,-0.511053,0.511053,0.628443,0.628443,-0.026884,0.026884,-1.739802,1.739802
Arsenal,Manchester United,5,2.599903,-0.532341,0.532341,0.278218,0.278218,-0.813221,0.813221,-2.383728,2.383728,0.234979,0.234979
Aston Villa,Swansea City,1,1.278238,-0.200883,0.200883,0.609712,0.609712,-1.028090,1.028090,-0.064010,0.064010,0.400903,0.400903
Aston Villa,Stoke City,2,1.371773,0.080353,0.080353,-0.140096,0.140096,-0.212631,0.212631,1.141936,1.141936,0.711650,0.711650
Aston Villa,Newcastle United,3,1.498640,0.502208,0.502208,-0.463697,0.463697,-0.257147,0.257147,-0.308528,0.308528,-1.271763,1.271763
Aston Villa,Norwich City,4,1.634313,-0.271192,0.271192,-0.974750,0.974750,0.133299,0.133299,-1.236671,1.236671,0.316502,0.316502
Aston Villa,Crystal Palace,5,1.672429,0.321413,0.321413,-1.241128,1.241128,-0.853758,0.853758,-0.626017,0.626017,-0.180310,0.180310
Chelsea,Manchester City,1,1.502666,-0.652870,0.652870,0.487375,0.487375,0.119123,0.119123,-1.150898,1.150898,-0.505444,0.505444
Chelsea,Arsenal,2,1.696545,-0.200883,0.200883,0.236781,0.236781,0.427998,0.427998,0.453190,0.453190,1.547024,1.547024
Chelsea,Everton,3,1.772423,1.315785,1.315785,-0.274272,0.274272,1.056441,1.056441,0.426306,0.426306,-0.192779,0.192779
Chelsea,Southampton,4,1.941020,1.064681,1.064681,-1.152336,1.152336,0.388953,0.388953,-0.375098,0.375098,-1.007052,1.007052
Chelsea,Liverpool,5,1.960618,0.261148,0.261148,-0.459750,0.459750,-1.756259,1.756259,0.692587,0.692587,0.018223,0.018223
Crystal Palace,Norwich City,1,1.419909,-0.592605,0.592605,0.266379,0.266379,0.987056,0.987056,-0.610654,0.610654,0.496812,0.496812
Crystal Palace,Newcastle United,2,1.511655,0.180795,0.180795,0.777432,0.777432,0.596611,0.596611,0.317489,0.317489,-1.091453,1.091453
Crystal Palace,Aston Villa,3,1.672429,-0.321413,0.321413,1.241128,1.241128,0.853758,0.853758,0.626017,0.626017,0.180310,0.180310
Crystal Palace,West Bromwich Albion,4,1.917452,0.411811,0.411811,-0.445938,0.445938,1.122593,1.122593,0.962709,0.962709,1.058843,1.058843
Crystal Palace,West Ham United,5,1.962388,-0.572517,0.572517,0.745861,0.745861,1.078077,1.078077,0.157464,0.157464,-1.334104,1.334104
Everton,Southampton,1,1.607756,-0.251104,0.251104,-0.878064,0.878064,-0.667488,0.667488,-0.801404,0.801404,-0.814274,0.814274
Everton,Chelsea,2,1.772423,-1.315785,1.315785,0.274272,0.274272,-1.056441,1.056441,-0.426306,0.426306,0.192779,0.192779
Everton,Aston Villa,3,1.979374,0.421855,0.421855,-0.406475,0.406475,0.298678,0.298678,-1.326285,1.326285,1.313963,1.313963
Everton,Watford,4,2.002099,0.662915,0.662915,-1.738369,1.738369,0.412579,0.412579,0.034565,0.034565,0.612863,0.612863
Everton,Newcastle United,5,2.070557,0.924063,0.924063,-0.870171,0.870171,0.041531,0.041531,-1.634812,1.634812,0.042200,0.042200
Leicester City,West Ham United,1,2.046963,-0.451987,0.451987,1.564730,1.564730,0.534438,0.534438,-0.098575,0.098575,1.114471,1.114471
Leicester City,Newcastle United,2,2.118333,0.301325,0.301325,1.596300,1.596300,0.052971,0.052971,0.061449,0.061449,1.357123,1.357123
Leicester City,Southampton,3,2.183680,-0.873842,0.873842,1.588408,1.588408,-0.656048,0.656048,0.894858,0.894858,0.500649,0.500649
Leicester City,Crystal Palace,4,2.653619,0.120530,0.120530,0.818869,0.818869,-0.543640,0.543640,-0.256040,0.256040,2.448575,2.448575
Leicester City,Watford,5,2.724639,0.040177,0.040177,0.728102,0.728102,0.424019,0.424019,1.730827,1.730827,1.927786,1.927786
Liverpool,Tottenham Hotspur,1,0.619924,0.100442,0.100442,0.207184,0.207184,0.017906,0.017906,0.195870,0.195870,-0.540931,0.540931
Liverpool,Chelsea,2,1.960618,-0.261148,0.261148,0.459750,0.459750,1.756259,1.756259,-0.692587,0.692587,-0.018223,0.018223
Liverpool,Arsenal,3,2.804309,-0.462031,0.462031,0.696532,0.696532,2.184257,2.184257,-0.239397,0.239397,1.528801,1.528801
Liverpool,Southampton,4,2.813968,0.803533,0.803533,-0.692585,0.692585,2.145212,2.145212,-1.067685,1.067685,-1.025275,1.025275
Liverpool,AFC Bournemouth,5,2.985858,0.582561,0.582561,0.138122,0.138122,1.250172,1.250172,-2.511748,2.511748,0.827701,0.827701
Manchester City,Chelsea,1,1.502666,0.652870,0.652870,-0.487375,0.487375,-0.119123,0.119123,1.150898,1.150898,0.505444,0.505444
Manchester City,AFC Bournemouth,2,2.357519,1.496580,1.496580,-0.809003,0.809003,-0.625210,0.625210,-0.668263,0.668263,1.351368,1.351368
Manchester City,Manchester United,3,2.470190,-0.080353,0.080353,0.027624,0.027624,-0.504346,0.504346,-0.779640,0.779640,2.287447,2.287447
Manchester City,Southampton,4,2.562209,1.717551,1.717551,-1.639710,1.639710,0.269830,0.269830,0.775800,0.775800,-0.501608,0.501608
Manchester City,Arsenal,5,2.673615,0.451987,0.451987,-0.250594,0.250594,0.308875,0.308875,1.604088,1.604088,2.052468,2.052468
Manchester United,AFC Bournemouth,1,2.022355,1.576933,1.576933,-0.836627,0.836627,-0.120864,0.120864,0.111377,0.111377,-0.936079,0.936079
Manchester United,Manchester City,2,2.470190,0.080353,0.080353,-0.027624,0.027624,0.504346,0.504346,0.779640,0.779640,-2.287447,2.287447
Manchester United,Arsenal,3,2.599903,0.532341,0.532341,-0.278218,0.278218,0.813221,0.813221,2.383728,2.383728,-0.234979,0.234979
Manchester United,Swansea City,4,2.646757,2.269980,2.269980,-0.586034,0.586034,0.712252,0.712252,0.966549,0.966549,-0.259915,0.259915
Manchester United,Chelsea,5,2.802454,0.733224,0.733224,-0.514999,0.514999,0.385223,0.385223,1.930538,1.930538,-1.782003,1.782003
Newcastle United,West Ham United,1,0.940624,-0.753312,0.753312,-0.031571,0.031571,0.481467,0.481467,-0.160025,0.160025,-0.242652,0.242652
Newcastle United,Aston Villa,2,1.498640,-0.502208,0.502208,0.463697,0.463697,0.257147,0.257147,0.308528,0.308528,1.271763,1.271763
Newcastle United,Crystal Palace,3,1.511655,-0.180795,0.180795,-0.777432,0.777432,-0.596611,0.596611,-0.317489,0.317489,1.091453,1.091453
Newcastle United,Southampton,4,1.819864,-1.175167,1.175167,-0.007893,0.007893,-0.709019,0.709019,0.833409,0.833409,-0.856474,0.856474
Newcastle United,Watford,5,2.017950,-0.261148,0.261148,-0.868198,0.868198,0.371048,0.371048,1.669378,1.669378,0.570663,0.570663
Norwich City,Crystal Palace,1,1.419909,0.592605,0.592605,-0.266379,0.266379,-0.987056,0.987056,0.610654,0.610654,-0.496812,0.496812
Norwich City,Aston Villa,2,1.634313,0.271192,0.271192,0.974750,0.974750,-0.133299,0.133299,1.236671,1.236671,-0.316502,0.316502
Norwich City,West Ham United,3,2.044714,0.020088,0.020088,0.479482,0.479482,0.091021,0.091021,0.768119,0.768119,-1.830917,1.830917
Norwich City,West Bromwich Albion,4,2.079896,1.004416,1.004416,-0.712317,0.712317,0.135537,0.135537,1.573363,1.573363,0.562031,0.562031
Norwich City,Newcastle United,5,2.096618,0.773400,0.773400,0.511053,0.511053,-0.390446,0.390446,0.928143,0.928143,-1.588265,1.588265
Southampton,Everton,1,1.607756,0.251104,0.251104,0.878064,0.878064,0.667488,0.667488,0.801404,0.801404,0.814274,0.814274
Southampton,West Ham United,2,1.720310,0.421855,0.421855,-0.023678,0.023678,1.190486,1.190486,-0.993433,0.993433,0.613822,0.613822
Southampton,Newcastle United,3,1.819864,1.175167,1.175167,0.007893,0.007893,0.709019,0.709019,-0.833409,0.833409,0.856474,0.856474
Southampton,Chelsea,4,1.941020,-1.064681,1.064681,1.152336,1.152336,-0.388953,0.388953,0.375098,0.375098,1.007052,1.007052
Southampton,Leicester City,5,2.183680,0.873842,0.873842,-1.588408,1.588408,0.656048,0.656048,-0.894858,0.894858,-0.500649,0.500649
Stoke City,Aston Villa,1,1.371773,-0.080353,0.080353,0.140096,0.140096,0.212631,0.212631,-1.141936,1.141936,-0.711650,0.711650
Stoke City,Swansea City,2,1.690310,-0.281237,0.281237,0.749807,0.749807,-0.815459,0.815459,-1.205946,1.205946,-0.310748,0.310748
Stoke City,Watford,3,1.896476,0.160707,0.160707,-1.191799,1.191799,0.326532,0.326532,0.218914,0.218914,-1.412750,1.412750
Stoke City,West Bromwich Albion,4,1.930657,0.652870,0.652870,-1.546971,1.546971,0.481467,0.481467,-0.805244,0.805244,0.166883,0.166883
Stoke City,Everton,5,2.166899,-0.502208,0.502208,0.546570,0.546570,-0.086047,0.086047,0.184348,0.184348,-2.025613,2.025613
Sunderland,Watford,1,1.306721,-0.693047,0.693047,0.706397,0.706397,-0.146479,0.146479,-0.773239,0.773239,-0.329929,0.329929
Sunderland,West Bromwich Albion,2,2.226248,-0.200883,0.200883,0.351226,0.351226,0.008456,0.008456,-1.797397,1.797397,1.249704,1.249704
Sunderland,Stoke City,3,2.590879,-0.853754,0.853754,1.898197,1.898197,-0.473011,0.473011,-0.992153,0.992153,1.082821,1.082821
Sunderland,Everton,4,3.109577,-1.355962,1.355962,2.444767,2.444767,-0.559058,0.559058,-0.807805,0.807805,-0.942793,0.942793
Sunderland,Newcastle United,5,3.116274,-0.431899,0.431899,1.574595,1.574595,-0.517527,0.517527,-2.442617,2.442617,-0.900592,0.900592
Swansea City,Aston Villa,1,1.278238,0.200883,0.200883,-0.609712,0.609712,1.028090,1.028090,0.064010,0.064010,-0.400903,0.400903
Swansea City,AFC Bournemouth,2,1.557469,-0.693047,0.693047,-0.250594,0.250594,-0.833116,0.833116,-0.855172,0.855172,-0.676164,0.676164
Swansea City,Stoke City,3,1.690310,0.281237,0.281237,-0.749807,0.749807,0.815459,0.815459,1.205946,1.205946,0.310748,0.310748
Swansea City,Crystal Palace,4,2.093431,0.522296,0.522296,-1.850840,1.850840,0.174333,0.174333,-0.562007,0.562007,-0.581213,0.581213
Swansea City,Newcastle United,5,2.257985,0.703091,0.703091,-1.073408,1.073408,0.770944,0.770944,-0.244518,0.244518,-1.672666,1.672666
Tottenham Hotspur,Liverpool,1,0.619924,-0.100442,0.100442,-0.207184,0.207184,-0.017906,0.017906,-0.195870,0.195870,0.540931,0.540931
Tottenham Hotspur,Chelsea,2,2.068572,-0.361590,0.361590,0.252567,0.252567,1.738353,1.738353,-0.888457,0.888457,0.522708,0.522708
Tottenham Hotspur,Southampton,3,2.767764,0.703091,0.703091,-0.899769,0.899769,2.127307,2.127307,-1.263555,1.263555,-0.484344,0.484344
Tottenham Hotspur,Everton,4,3.007370,0.954195,0.954195,-0.021705,0.021705,2.794795,2.794795,-0.462151,0.462151,0.329929,0.329929
Tottenham Hotspur,Manchester City,5,3.030863,-1.014460,1.014460,0.739941,0.739941,1.857476,1.857476,-2.039355,2.039355,0.017264,0.017264
Watford,Sunderland,1,1.306721,0.693047,0.693047,-0.706397,0.706397,0.146479,0.146479,0.773239,0.773239,0.329929,0.329929
Watford,Stoke City,2,1.896476,-0.160707,0.160707,1.191799,1.191799,-0.326532,0.326532,-0.218914,0.218914,1.412750,1.412750
Watford,West Bromwich Albion,3,1.984066,0.492164,0.492164,-0.355172,0.355172,0.154935,0.154935,-1.024158,1.024158,1.579633,1.579633
Watford,Everton,4,2.002099,-0.662915,0.662915,1.738369,1.738369,-0.412579,0.412579,-0.034565,0.034565,-0.612863,0.612863
Watford,Newcastle United,5,2.017950,0.261148,0.261148,0.868198,0.868198,-0.371048,0.371048,-1.669378,1.669378,-0.570663,0.570663
West Bromwich Albion,Crystal Palace,1,1.917452,-0.411811,0.411811,0.445938,0.445938,-1.122593,1.122593,-0.962709,0.962709,-1.058843,1.058843
West Bromwich Albion,Stoke City,2,1.930657,-0.652870,0.652870,1.546971,1.546971,-0.481467,0.481467,0.805244,0.805244,-0.166883,0.166883
West Bromwich Albion,Watford,3,1.984066,-0.492164,0.492164,0.355172,0.355172,-0.154935,0.154935,1.024158,1.024158,-1.579633,1.579633
West Bromwich Albion,Norwich City,4,2.079896,-1.004416,1.004416,0.712317,0.712317,-0.135537,0.135537,-1.573363,1.573363,-0.562031,0.562031
West Bromwich Albion,Aston Villa,5,2.083570,-0.733224,0.733224,1.687067,1.687067,-0.268835,0.268835,-0.336692,0.336692,-0.878533,0.878533
West Ham United,Newcastle United,1,0.940624,0.753312,0.753312,0.031571,0.031571,-0.481467,0.481467,0.160025,0.160025,0.242652,0.242652
West Ham United,Aston Villa,2,1.694596,0.251104,0.251104,0.495267,0.495267,-0.224320,0.224320,0.468552,0.468552,1.514415,1.514415
West Ham United,Southampton,3,1.720310,-0.421855,0.421855,0.023678,0.023678,-1.190486,1.190486,0.993433,0.993433,-0.613822,0.613822
West Ham United,Crystal Palace,4,1.962388,0.572517,0.572517,-0.745861,0.745861,-1.078077,1.078077,-0.157464,0.157464,1.334104,1.334104
West Ham United,Norwich City,5,2.044714,-0.020088,0.020088,-0.479482,0.479482,-0.091021,0.091021,-0.768119,0.768119,1.830917,1.830917
