team,primary_zscore_top_3,primary_zscore_top_3_with_distances,min_max_top_3,min_max_top_3_with_distances,min_max_overlap_count,min_max_same_set,without_width_top_3,without_width_top_3_with_distances,without_width_overlap_count,without_width_same_set
AFC Bournemouth,Swansea City | Manchester United | Chelsea,Swansea City (1.5575) | Manchester United (2.0224) | Chelsea (2.2575),Swansea City | Manchester United | Chelsea,Swansea City (0.4579) | Manchester United (0.5951) | Chelsea (0.6656),3,True,Swansea City | Chelsea | Liverpool,Swansea City (1.3017) | Chelsea (1.3368) | Liverpool (1.6145),2,False
Arsenal,Chelsea | Swansea City | Stoke City,Chelsea (1.6965) | Swansea City (2.2657) | Stoke City (2.4148),Chelsea | Swansea City | Everton,Chelsea (0.4873) | Swansea City (0.6686) | Everton (0.7097),2,False,Manchester United | Chelsea | AFC Bournemouth,Manchester United (1.0379) | Chelsea (1.6349) | AFC Bournemouth (1.6634),1,False
Aston Villa,Swansea City | Stoke City | Newcastle United,Swansea City (1.2782) | Stoke City (1.3718) | Newcastle United (1.4986),Swansea City | Stoke City | Newcastle United,Swansea City (0.3801) | Stoke City (0.4029) | Newcastle United (0.4332),3,True,Stoke City | Norwich City | Swansea City,Stoke City (0.7601) | Norwich City (1.0685) | Swansea City (1.2766),2,False
Chelsea,Manchester City | Arsenal | Everton,Manchester City (1.5027) | Arsenal (1.6965) | Everton (1.7724),Manchester City | Arsenal | Everton,Manchester City (0.4447) | Arsenal (0.4873) | Everton (0.5226),3,True,Manchester City | AFC Bournemouth | Arsenal,Manchester City (0.9661) | AFC Bournemouth (1.3368) | Arsenal (1.6349),2,False
Crystal Palace,Norwich City | Newcastle United | Aston Villa,Norwich City (1.4199) | Newcastle United (1.5117) | Aston Villa (1.6724),Norwich City | Newcastle United | Aston Villa,Norwich City (0.4185) | Newcastle United (0.4435) | Aston Villa (0.5051),3,True,Watford | Norwich City | Newcastle United,Watford (1.1056) | Norwich City (1.2819) | Newcastle United (1.4779),2,False
Everton,Southampton | Chelsea | Aston Villa,Southampton (1.6078) | Chelsea (1.7724) | Aston Villa (1.9794),Southampton | Chelsea | Aston Villa,Southampton (0.4771) | Chelsea (0.5226) | Aston Villa (0.5778),3,True,West Ham United | Newcastle United | Southampton,West Ham United (1.0752) | Newcastle United (1.2707) | Southampton (1.3938),1,False
Leicester City,West Ham United | Newcastle United | Southampton,West Ham United (2.0470) | Newcastle United (2.1183) | Southampton (2.1837),West Ham United | Newcastle United | Southampton,West Ham United (0.6127) | Newcastle United (0.6313) | Southampton (0.6576),3,True,Southampton | West Ham United | Watford,Southampton (1.9919) | West Ham United (2.0446) | Watford (2.1043),2,False
Liverpool,Tottenham Hotspur | Chelsea | Arsenal,Tottenham Hotspur (0.6199) | Chelsea (1.9606) | Arsenal (2.8043),Tottenham Hotspur | Chelsea | Arsenal,Tottenham Hotspur (0.1792) | Chelsea (0.5814) | Arsenal (0.8227),3,True,Tottenham Hotspur | AFC Bournemouth | Chelsea,Tottenham Hotspur (0.5882) | AFC Bournemouth (1.6145) | Chelsea (1.8342),2,False
Manchester City,Chelsea | AFC Bournemouth | Manchester United,Chelsea (1.5027) | AFC Bournemouth (2.3575) | Manchester United (2.4702),Chelsea | AFC Bournemouth | Manchester United,Chelsea (0.4447) | AFC Bournemouth (0.6906) | Manchester United (0.7083),3,True,Chelsea | Arsenal | Tottenham Hotspur,Chelsea (0.9661) | Arsenal (2.1390) | Tottenham Hotspur (2.2421),1,False
Manchester United,AFC Bournemouth | Manchester City | Arsenal,AFC Bournemouth (2.0224) | Manchester City (2.4702) | Arsenal (2.5999),AFC Bournemouth | Manchester City | Arsenal,AFC Bournemouth (0.5951) | Manchester City (0.7083) | Arsenal (0.7709),3,True,Arsenal | AFC Bournemouth | Chelsea,Arsenal (1.0379) | AFC Bournemouth (2.0193) | Chelsea (2.0314),2,False
Newcastle United,West Ham United | Aston Villa | Crystal Palace,West Ham United (0.9406) | Aston Villa (1.4986) | Crystal Palace (1.5117),West Ham United | Aston Villa | Crystal Palace,West Ham United (0.2763) | Aston Villa (0.4332) | Crystal Palace (0.4435),3,True,West Ham United | Watford | Everton,West Ham United (0.9269) | Watford (1.1337) | Everton (1.2707),1,False
Norwich City,Crystal Palace | Aston Villa | West Ham United,Crystal Palace (1.4199) | Aston Villa (1.6343) | West Ham United (2.0447),Crystal Palace | Aston Villa | West Ham United,Crystal Palace (0.4185) | Aston Villa (0.4902) | West Ham United (0.5890),3,True,Stoke City | Aston Villa | Watford,Stoke City (1.0469) | Aston Villa (1.0685) | Watford (1.1941),1,False
Southampton,Everton | West Ham United | Newcastle United,Everton (1.6078) | West Ham United (1.7203) | Newcastle United (1.8199),Everton | West Ham United | Newcastle United,Everton (0.4771) | West Ham United (0.5069) | Newcastle United (0.5328),3,True,Everton | West Ham United | Newcastle United,Everton (1.3938) | West Ham United (1.4045) | Newcastle United (1.6178),3,True
Stoke City,Aston Villa | Swansea City | Watford,Aston Villa (1.3718) | Swansea City (1.6903) | Watford (1.8965),Aston Villa | Swansea City | Watford,Aston Villa (0.4029) | Swansea City (0.5039) | Watford (0.5586),3,True,Aston Villa | Norwich City | Swansea City,Aston Villa (0.7601) | Norwich City (1.0469) | Swansea City (1.1844),2,False
Sunderland,Watford | West Bromwich Albion | Stoke City,Watford (1.3067) | West Bromwich Albion (2.2262) | Stoke City (2.5909),Watford | West Bromwich Albion | Stoke City,Watford (0.3897) | West Bromwich Albion (0.6530) | Stoke City (0.7774),3,True,Watford | West Bromwich Albion | Crystal Palace,Watford (1.0534) | West Bromwich Albion (1.3136) | Crystal Palace (1.5128),2,False
Swansea City,Aston Villa | AFC Bournemouth | Stoke City,Aston Villa (1.2782) | AFC Bournemouth (1.5575) | Stoke City (1.6903),Aston Villa | AFC Bournemouth | Stoke City,Aston Villa (0.3801) | AFC Bournemouth (0.4579) | Stoke City (0.5039),3,True,Stoke City | Aston Villa | AFC Bournemouth,Stoke City (1.1844) | Aston Villa (1.2766) | AFC Bournemouth (1.3017),3,True
Tottenham Hotspur,Liverpool | Chelsea | Southampton,Liverpool (0.6199) | Chelsea (2.0686) | Southampton (2.7678),Liverpool | Chelsea | Southampton,Liverpool (0.1792) | Chelsea (0.6111) | Southampton (0.8214),3,True,Liverpool | Chelsea | AFC Bournemouth,Liverpool (0.5882) | Chelsea (1.8681) | AFC Bournemouth (1.9050),2,False
Watford,Sunderland | Stoke City | West Bromwich Albion,Sunderland (1.3067) | Stoke City (1.8965) | West Bromwich Albion (1.9841),Sunderland | Stoke City | West Bromwich Albion,Sunderland (0.3897) | Stoke City (0.5586) | West Bromwich Albion (0.5745),3,True,Sunderland | Crystal Palace | Newcastle United,Sunderland (1.0534) | Crystal Palace (1.1056) | Newcastle United (1.1337),1,False
West Bromwich Albion,Crystal Palace | Stoke City | Watford,Crystal Palace (1.9175) | Stoke City (1.9307) | Watford (1.9841),Crystal Palace | Watford | Stoke City,Crystal Palace (0.5625) | Watford (0.5745) | Stoke City (0.5849),3,True,Sunderland | Norwich City | Crystal Palace,Sunderland (1.3136) | Norwich City (1.3603) | Crystal Palace (1.6583),1,False
West Ham United,Newcastle United | Aston Villa | Southampton,Newcastle United (0.9406) | Aston Villa (1.6946) | Southampton (1.7203),Newcastle United | Aston Villa | Southampton,Newcastle United (0.2763) | Aston Villa (0.4886) | Southampton (0.5069),3,True,Newcastle United | Everton | Watford,Newcastle United (0.9269) | Everton (1.0752) | Watford (1.2712),1,False
