team,comparison_team,euclidean_distance,attacking_territory_z_difference,attacking_territory_absolute_z_difference,pass_verticality_z_difference,pass_verticality_absolute_z_difference,pressing_intensity_z_difference,pressing_intensity_absolute_z_difference,attacking_width_z_difference,attacking_width_absolute_z_difference,counterattacking_tendency_z_difference,counterattacking_tendency_absolute_z_difference
AFC Bournemouth,Arsenal,2.816137,-1.044593,1.044593,0.558409,0.558409,0.934085,0.934085,2.272351,2.272351,0.701100,0.701100
AFC Bournemouth,Aston Villa,2.304958,0.893930,0.893930,-0.359118,0.359118,1.861207,1.861207,0.919182,0.919182,0.275261,0.275261
AFC Bournemouth,Chelsea,2.257509,-0.843710,0.843710,0.321628,0.321628,0.506087,0.506087,1.819161,1.819161,-0.845924,0.845924
AFC Bournemouth,Crystal Palace,2.268869,1.215343,1.215343,-1.600247,1.600247,1.007449,1.007449,0.293165,0.293165,0.094951,0.094951
AFC Bournemouth,Everton,2.964391,0.472076,0.472076,0.047356,0.047356,1.562528,1.562528,2.245467,2.245467,-1.038702,1.038702
AFC Bournemouth,Leicester City,3.911238,1.094814,1.094814,-2.419115,2.419115,1.551089,1.551089,0.549205,0.549205,-2.353625,2.353625
AFC Bournemouth,Liverpool,2.985858,-0.582561,0.582561,-0.138122,0.138122,-1.250172,1.250172,2.511748,2.511748,-0.827701,0.827701
AFC Bournemouth,Manchester City,2.357519,-1.496580,1.496580,0.809003,0.809003,0.625210,0.625210,0.668263,0.668263,-1.351368,1.351368
AFC Bournemouth,Manchester United,2.022355,-1.576933,1.576933,0.836627,0.836627,0.120864,0.120864,-0.111377,0.111377,0.936079,0.936079
AFC Bournemouth,Newcastle United,2.562255,1.396138,1.396138,-0.822815,0.822815,1.604060,1.604060,0.610654,0.610654,-0.996502,0.996502
AFC Bournemouth,Norwich City,2.568276,0.622738,0.622738,-1.333868,1.333868,1.994505,1.994505,-0.317489,0.317489,0.591763,0.591763
AFC Bournemouth,Southampton,2.656848,0.220972,0.220972,-0.830708,0.830708,0.895041,0.895041,1.444063,1.444063,-1.852976,1.852976
AFC Bournemouth,Stoke City,3.022986,0.974284,0.974284,-0.499214,0.499214,1.648576,1.648576,2.061118,2.061118,0.986911,0.986911
AFC Bournemouth,Sunderland,4.787702,1.828037,1.828037,-2.397410,2.397410,2.121587,2.121587,3.053271,3.053271,-0.095910,0.095910
AFC Bournemouth,Swansea City,1.557469,0.693047,0.693047,0.250594,0.250594,0.833116,0.833116,0.855172,0.855172,0.676164,0.676164
AFC Bournemouth,Tottenham Hotspur,3.310595,-0.482120,0.482120,0.069061,0.069061,-1.232266,1.232266,2.707618,2.707618,-1.368632,1.368632
AFC Bournemouth,Watford,3.664514,1.134990,1.134990,-1.691013,1.691013,1.975108,1.975108,2.280032,2.280032,-0.425839,0.425839
AFC Bournemouth,West Bromwich Albion,3.778894,1.627154,1.627154,-2.046185,2.046185,2.130042,2.130042,1.255874,1.255874,1.153794,1.153794
AFC Bournemouth,West Ham United,2.689087,0.642826,0.642826,-0.854386,0.854386,2.085527,2.085527,0.450630,0.450630,-1.239154,1.239154
Arsenal,AFC Bournemouth,2.816137,1.044593,1.044593,-0.558409,0.558409,-0.934085,0.934085,-2.272351,2.272351,-0.701100,0.701100
Arsenal,Aston Villa,2.733439,1.938523,1.938523,-0.917527,0.917527,0.927122,0.927122,-1.353169,1.353169,-0.425839,0.425839
Arsenal,Chelsea,1.696545,0.200883,0.200883,-0.236781,0.236781,-0.427998,0.427998,-0.453190,0.453190,-1.547024,1.547024
Arsenal,Crystal Palace,3.749277,2.259936,2.259936,-2.158656,2.158656,0.073364,0.073364,-1.979186,1.979186,-0.606149,0.606149
Arsenal,Everton,2.446229,1.516668,1.516668,-0.511053,0.511053,0.628443,0.628443,-0.026884,0.026884,-1.739802,1.739802
Arsenal,Leicester City,5.111162,2.139406,2.139406,-2.977524,2.977524,0.617003,0.617003,-1.723146,1.723146,-3.054725,3.054725
Arsenal,Liverpool,2.804309,0.462031,0.462031,-0.696532,0.696532,-2.184257,2.184257,0.239397,0.239397,-1.528801,1.528801
Arsenal,Manchester City,2.673615,-0.451987,0.451987,0.250594,0.250594,-0.308875,0.308875,-1.604088,1.604088,-2.052468,2.052468
Arsenal,Manchester United,2.599903,-0.532341,0.532341,0.278218,0.278218,-0.813221,0.813221,-2.383728,2.383728,0.234979,0.234979
Arsenal,Newcastle United,3.735894,2.440731,2.440731,-1.381224,1.381224,0.669975,0.669975,-1.661697,1.661697,-1.697602,1.697602
Arsenal,Norwich City,3.768875,1.667331,1.667331,-1.892277,1.892277,1.060420,1.060420,-2.589840,2.589840,-0.109337,0.109337
Arsenal,Southampton,3.277528,1.265564,1.265564,-1.389117,1.389117,-0.039045,0.039045,-0.828288,0.828288,-2.554076,2.554076
Arsenal,Stoke City,2.414794,2.018876,2.018876,-1.057623,1.057623,0.714491,0.714491,-0.211233,0.211233,0.285811,0.285811
Arsenal,Sunderland,4.432166,2.872630,2.872630,-2.955820,2.955820,1.187502,1.187502,0.780921,0.780921,-0.797010,0.797010
Arsenal,Swansea City,2.265691,1.737640,1.737640,-0.307816,0.307816,-0.100969,0.100969,-1.417179,1.417179,-0.024937,0.024937
Arsenal,Tottenham Hotspur,3.118038,0.562473,0.562473,-0.489348,0.489348,-2.166351,2.166351,0.435267,0.435267,-2.069732,2.069732
Arsenal,Watford,3.487730,2.179583,2.179583,-2.249422,2.249422,1.041022,1.041022,0.007681,0.007681,-1.126939,1.126939
Arsenal,West Bromwich Albion,4.073157,2.671747,2.671747,-2.604594,2.604594,1.195957,1.195957,-1.016477,1.016477,0.452694,0.452694
Arsenal,West Ham United,3.640390,1.687419,1.687419,-1.412795,1.412795,1.151441,1.151441,-1.821721,1.821721,-1.940254,1.940254
Aston Villa,AFC Bournemouth,2.304958,-0.893930,0.893930,0.359118,0.359118,-1.861207,1.861207,-0.919182,0.919182,-0.275261,0.275261
Aston Villa,Arsenal,2.733439,-1.938523,1.938523,0.917527,0.917527,-0.927122,0.927122,1.353169,1.353169,0.425839,0.425839
Aston Villa,Chelsea,2.717752,-1.737640,1.737640,0.680746,0.680746,-1.355120,1.355120,0.899979,0.899979,-1.121185,1.121185
Aston Villa,Crystal Palace,1.672429,0.321413,0.321413,-1.241128,1.241128,-0.853758,0.853758,-0.626017,0.626017,-0.180310,0.180310
Aston Villa,Everton,1.979374,-0.421855,0.421855,0.406475,0.406475,-0.298678,0.298678,1.326285,1.326285,-1.313963,1.313963
Aston Villa,Leicester City,3.380538,0.200883,0.200883,-2.059997,2.059997,-0.310118,0.310118,-0.369977,0.369977,-2.628886,2.628886
Aston Villa,Liverpool,3.957567,-1.476492,1.476492,0.220996,0.220996,-3.111379,3.111379,1.592566,1.592566,-1.102962,1.102962
Aston Villa,Manchester City,3.363869,-2.390510,2.390510,1.168121,1.168121,-1.235997,1.235997,-0.250919,0.250919,-1.626629,1.626629
Aston Villa,Manchester United,3.473111,-2.470864,2.470864,1.195745,1.195745,-1.740343,1.740343,-1.030559,1.030559,0.660818,0.660818
Aston Villa,Newcastle United,1.498640,0.502208,0.502208,-0.463697,0.463697,-0.257147,0.257147,-0.308528,0.308528,-1.271763,1.271763
Aston Villa,Norwich City,1.634313,-0.271192,0.271192,-0.974750,0.974750,0.133299,0.133299,-1.236671,1.236671,0.316502,0.316502
Aston Villa,Southampton,2.532516,-0.672959,0.672959,-0.471589,0.471589,-0.966166,0.966166,0.524881,0.524881,-2.128237,2.128237
Aston Villa,Stoke City,1.371773,0.080353,0.080353,-0.140096,0.140096,-0.212631,0.212631,1.141936,1.141936,0.711650,0.711650
Aston Villa,Sunderland,3.128433,0.934107,0.934107,-2.038292,2.038292,0.260380,0.260380,2.134089,2.134089,-0.371171,0.371171
Aston Villa,Swansea City,1.278238,-0.200883,0.200883,0.609712,0.609712,-1.028090,1.028090,-0.064010,0.064010,0.400903,0.400903
Aston Villa,Tottenham Hotspur,4.188951,-1.376050,1.376050,0.428179,0.428179,-3.093473,3.093473,1.788436,1.788436,-1.643893,1.643893
Aston Villa,Watford,2.046578,0.241060,0.241060,-1.331895,1.331895,0.113901,0.113901,1.360850,1.360850,-0.701100,0.701100
Aston Villa,West Bromwich Albion,2.083570,0.733224,0.733224,-1.687067,1.687067,0.268835,0.268835,0.336692,0.336692,0.878533,0.878533
Aston Villa,West Ham United,1.694596,-0.251104,0.251104,-0.495267,0.495267,0.224320,0.224320,-0.468552,0.468552,-1.514415,1.514415
Chelsea,AFC Bournemouth,2.257509,0.843710,0.843710,-0.321628,0.321628,-0.506087,0.506087,-1.819161,1.819161,0.845924,0.845924
Chelsea,Arsenal,1.696545,-0.200883,0.200883,0.236781,0.236781,0.427998,0.427998,0.453190,0.453190,1.547024,1.547024
Chelsea,Aston Villa,2.717752,1.737640,1.737640,-0.680746,0.680746,1.355120,1.355120,-0.899979,0.899979,1.121185,1.121185
Chelsea,Crystal Palace,3.376177,2.059053,2.059053,-1.921875,1.921875,0.501362,0.501362,-1.525996,1.525996,0.940874,0.940874
Chelsea,Everton,1.772423,1.315785,1.315785,-0.274272,0.274272,1.056441,1.056441,0.426306,0.426306,-0.192779,0.192779
Chelsea,Leicester City,4.030822,1.938523,1.938523,-2.740743,2.740743,1.045001,1.045001,-1.269956,1.269956,-1.507701,1.507701
Chelsea,Liverpool,1.960618,0.261148,0.261148,-0.459750,0.459750,-1.756259,1.756259,0.692587,0.692587,0.018223,0.018223
Chelsea,Manchester City,1.502666,-0.652870,0.652870,0.487375,0.487375,0.119123,0.119123,-1.150898,1.150898,-0.505444,0.505444
Chelsea,Manchester United,2.802454,-0.733224,0.733224,0.514999,0.514999,-0.385223,0.385223,-1.930538,1.930538,1.782003,1.782003
Chelsea,Newcastle United,3.002561,2.239848,2.239848,-1.144443,1.144443,1.097973,1.097973,-1.208507,1.208507,-0.150578,0.150578
Chelsea,Norwich City,3.706581,1.466447,1.466447,-1.655496,1.655496,1.488418,1.488418,-2.136650,2.136650,1.437687,1.437687
Chelsea,Southampton,1.941020,1.064681,1.064681,-1.152336,1.152336,0.388953,0.388953,-0.375098,0.375098,-1.007052,1.007052
Chelsea,Stoke City,2.949913,1.817993,1.817993,-0.820842,0.820842,1.142489,1.142489,0.241957,0.241957,1.832835,1.832835
Chelsea,Sunderland,4.384836,2.671747,2.671747,-2.719038,2.719038,1.615500,1.615500,1.234111,1.234111,0.750014,0.750014
Chelsea,Swansea City,2.391577,1.536757,1.536757,-0.071034,0.071034,0.327029,0.327029,-0.963989,0.963989,1.522087,1.522087
Chelsea,Tottenham Hotspur,2.068572,0.361590,0.361590,-0.252567,0.252567,-1.738353,1.738353,0.888457,0.888457,-0.522708,0.522708
Chelsea,Watford,3.242356,1.978700,1.978700,-2.012641,2.012641,1.469020,1.469020,0.460871,0.460871,0.420085,0.420085
Chelsea,West Bromwich Albion,4.320312,2.470864,2.470864,-2.367813,2.367813,1.623955,1.623955,-0.563287,0.563287,1.999718,1.999718
Chelsea,West Ham United,2.848672,1.486536,1.486536,-1.176014,1.176014,1.579439,1.579439,-1.368531,1.368531,-0.393230,0.393230
Crystal Palace,AFC Bournemouth,2.268869,-1.215343,1.215343,1.600247,1.600247,-1.007449,1.007449,-0.293165,0.293165,-0.094951,0.094951
Crystal Palace,Arsenal,3.749277,-2.259936,2.259936,2.158656,2.158656,-0.073364,0.073364,1.979186,1.979186,0.606149,0.606149
Crystal Palace,Aston Villa,1.672429,-0.321413,0.321413,1.241128,1.241128,0.853758,0.853758,0.626017,0.626017,0.180310,0.180310
Crystal Palace,Chelsea,3.376177,-2.059053,2.059053,1.921875,1.921875,-0.501362,0.501362,1.525996,1.525996,-0.940874,0.940874
Crystal Palace,Everton,2.944793,-0.743268,0.743268,1.647603,1.647603,0.555079,0.555079,1.952301,1.952301,-1.133653,1.133653
Crystal Palace,Leicester City,2.653619,-0.120530,0.120530,-0.818869,0.818869,0.543640,0.543640,0.256040,0.256040,-2.448575,2.448575
Crystal Palace,Liverpool,4.029952,-1.797905,1.797905,1.462124,1.462124,-2.257621,2.257621,2.218582,2.218582,-0.922652,0.922652
Crystal Palace,Manchester City,3.941783,-2.711923,2.711923,2.409249,2.409249,-0.382239,0.382239,0.375098,0.375098,-1.446319,1.446319
Crystal Palace,Manchester United,3.923308,-2.792277,2.792277,2.436874,2.436874,-0.886585,0.886585,-0.404542,0.404542,0.841128,0.841128
Crystal Palace,Newcastle United,1.511655,0.180795,0.180795,0.777432,0.777432,0.596611,0.596611,0.317489,0.317489,-1.091453,1.091453
Crystal Palace,Norwich City,1.419909,-0.592605,0.592605,0.266379,0.266379,0.987056,0.987056,-0.610654,0.610654,0.496812,0.496812
Crystal Palace,Southampton,2.590866,-0.994372,0.994372,0.769539,0.769539,-0.112409,0.112409,1.150898,1.150898,-1.947927,1.947927
Crystal Palace,Stoke City,2.366998,-0.241060,0.241060,1.101033,1.101033,0.641127,0.641127,1.767953,1.767953,0.891960,0.891960
Crystal Palace,Sunderland,3.147504,0.612694,0.612694,-0.797164,0.797164,1.114138,1.114138,2.760106,2.760106,-0.190860,0.190860
Crystal Palace,Swansea City,2.093431,-0.522296,0.522296,1.850840,1.850840,-0.174333,0.174333,0.562007,0.562007,0.581213,0.581213
Crystal Palace,Tottenham Hotspur,4.319253,-1.697463,1.697463,1.669308,1.669308,-2.239715,2.239715,2.414453,2.414453,-1.463582,1.463582
Crystal Palace,Watford,2.273746,-0.080353,0.080353,-0.090766,0.090766,0.967658,0.967658,1.986867,1.986867,-0.520790,0.520790
Crystal Palace,West Bromwich Albion,1.917452,0.411811,0.411811,-0.445938,0.445938,1.122593,1.122593,0.962709,0.962709,1.058843,1.058843
Crystal Palace,West Ham United,1.962388,-0.572517,0.572517,0.745861,0.745861,1.078077,1.078077,0.157464,0.157464,-1.334104,1.334104
Everton,AFC Bournemouth,2.964391,-0.472076,0.472076,-0.047356,0.047356,-1.562528,1.562528,-2.245467,2.245467,1.038702,1.038702
Everton,Arsenal,2.446229,-1.516668,1.516668,0.511053,0.511053,-0.628443,0.628443,0.026884,0.026884,1.739802,1.739802
Everton,Aston Villa,1.979374,0.421855,0.421855,-0.406475,0.406475,0.298678,0.298678,-1.326285,1.326285,1.313963,1.313963
Everton,Chelsea,1.772423,-1.315785,1.315785,0.274272,0.274272,-1.056441,1.056441,-0.426306,0.426306,0.192779,0.192779
Everton,Crystal Palace,2.944793,0.743268,0.743268,-1.647603,1.647603,-0.555079,0.555079,-1.952301,1.952301,1.133653,1.133653
Everton,Leicester City,3.328324,0.622738,0.622738,-2.466472,2.466472,-0.011440,0.011440,-1.696262,1.696262,-1.314922,1.314922
Everton,Liverpool,3.028757,-1.054637,1.054637,-0.185479,0.185479,-2.812700,2.812700,0.266281,0.266281,0.211001,0.211001
Everton,Manchester City,2.814179,-1.968656,1.968656,0.761646,0.761646,-0.937318,0.937318,-1.577203,1.577203,-0.312666,0.312666
Everton,Manchester United,4.044040,-2.049009,2.049009,0.789271,0.789271,-1.441664,1.441664,-2.356844,2.356844,1.974781,1.974781
Everton,Newcastle United,2.070557,0.924063,0.924063,-0.870171,0.870171,0.041531,0.041531,-1.634812,1.634812,0.042200,0.042200
Everton,Norwich City,3.368121,0.150662,0.150662,-1.381224,1.381224,0.431977,0.431977,-2.562956,2.562956,1.630465,1.630465
Everton,Southampton,1.607756,-0.251104,0.251104,-0.878064,0.878064,-0.667488,0.667488,-0.801404,0.801404,-0.814274,0.814274
Everton,Stoke City,2.166899,0.502208,0.502208,-0.546570,0.546570,0.086047,0.086047,-0.184348,0.184348,2.025613,2.025613
Everton,Sunderland,3.109577,1.355962,1.355962,-2.444767,2.444767,0.559058,0.559058,0.807805,0.807805,0.942793,0.942793
Everton,Swansea City,2.344325,0.220972,0.220972,0.203237,0.203237,-0.729412,0.729412,-1.390295,1.390295,1.714866,1.714866
Everton,Tottenham Hotspur,3.007370,-0.954195,0.954195,0.021705,0.021705,-2.794795,2.794795,0.462151,0.462151,-0.329929,0.329929
Everton,Watford,2.002099,0.662915,0.662915,-1.738369,1.738369,0.412579,0.412579,0.034565,0.034565,0.612863,0.612863
Everton,West Bromwich Albion,3.438826,1.155078,1.155078,-2.093541,2.093541,0.567514,0.567514,-0.989593,0.989593,2.192496,2.192496
Everton,West Ham United,2.092234,0.170751,0.170751,-0.901742,0.901742,0.522998,0.522998,-1.794837,1.794837,-0.200451,0.200451
Leicester City,AFC Bournemouth,3.911238,-1.094814,1.094814,2.419115,2.419115,-1.551089,1.551089,-0.549205,0.549205,2.353625,2.353625
Leicester City,Arsenal,5.111162,-2.139406,2.139406,2.977524,2.977524,-0.617003,0.617003,1.723146,1.723146,3.054725,3.054725
Leicester City,Aston Villa,3.380538,-0.200883,0.200883,2.059997,2.059997,0.310118,0.310118,0.369977,0.369977,2.628886,2.628886
Leicester City,Chelsea,4.030822,-1.938523,1.938523,2.740743,2.740743,-1.045001,1.045001,1.269956,1.269956,1.507701,1.507701
Leicester City,Crystal Palace,2.653619,0.120530,0.120530,0.818869,0.818869,-0.543640,0.543640,-0.256040,0.256040,2.448575,2.448575
Leicester City,Everton,3.328324,-0.622738,0.622738,2.466472,2.466472,0.011440,0.011440,1.696262,1.696262,1.314922,1.314922
Leicester City,Liverpool,4.695061,-1.677375,1.677375,2.280993,2.280993,-2.801261,2.801261,1.962543,1.962543,1.525924,1.525924
Leicester City,Manchester City,4.360276,-2.591393,2.591393,3.228118,3.228118,-0.925878,0.925878,0.119058,0.119058,1.002257,1.002257
Leicester City,Manchester United,5.571548,-2.671747,2.671747,3.255742,3.255742,-1.430225,1.430225,-0.660582,0.660582,3.289704,3.289704
Leicester City,Newcastle United,2.118333,0.301325,0.301325,1.596300,1.596300,0.052971,0.052971,0.061449,0.061449,1.357123,1.357123
Leicester City,Norwich City,3.320196,-0.472076,0.472076,1.085247,1.085247,0.443417,0.443417,-0.866694,0.866694,2.945388,2.945388
Leicester City,Southampton,2.183680,-0.873842,0.873842,1.588408,1.588408,-0.656048,0.656048,0.894858,0.894858,0.500649,0.500649
Leicester City,Stoke City,4.141873,-0.120530,0.120530,1.919901,1.919901,0.097487,0.097487,1.511913,1.511913,3.340536,3.340536
Leicester City,Sunderland,3.497311,0.733224,0.733224,0.021705,0.021705,0.570498,0.570498,2.504067,2.504067,2.257715,2.257715
Leicester City,Swansea City,4.132491,-0.401766,0.401766,2.669709,2.669709,-0.717972,0.717972,0.305967,0.305967,3.029788,3.029788
Leicester City,Tottenham Hotspur,4.696143,-1.576933,1.576933,2.488177,2.488177,-2.783355,2.783355,2.158413,2.158413,0.984993,0.984993
Leicester City,Watford,2.724639,0.040177,0.040177,0.728102,0.728102,0.424019,0.424019,1.730827,1.730827,1.927786,1.927786
Leicester City,West Bromwich Albion,3.682257,0.532341,0.532341,0.372930,0.372930,0.578954,0.578954,0.706669,0.706669,3.507419,3.507419
Leicester City,West Ham United,2.046963,-0.451987,0.451987,1.564730,1.564730,0.534438,0.534438,-0.098575,0.098575,1.114471,1.114471
Liverpool,AFC Bournemouth,2.985858,0.582561,0.582561,0.138122,0.138122,1.250172,1.250172,-2.511748,2.511748,0.827701,0.827701
Liverpool,Arsenal,2.804309,-0.462031,0.462031,0.696532,0.696532,2.184257,2.184257,-0.239397,0.239397,1.528801,1.528801
Liverpool,Aston Villa,3.957567,1.476492,1.476492,-0.220996,0.220996,3.111379,3.111379,-1.592566,1.592566,1.102962,1.102962
Liverpool,Chelsea,1.960618,-0.261148,0.261148,0.459750,0.459750,1.756259,1.756259,-0.692587,0.692587,-0.018223,0.018223
Liverpool,Crystal Palace,4.029952,1.797905,1.797905,-1.462124,1.462124,2.257621,2.257621,-2.218582,2.218582,0.922652,0.922652
Liverpool,Everton,3.028757,1.054637,1.054637,0.185479,0.185479,2.812700,2.812700,-0.266281,0.266281,-0.211001,0.211001
Liverpool,Leicester City,4.695061,1.677375,1.677375,-2.280993,2.280993,2.801261,2.801261,-1.962543,1.962543,-1.525924,1.525924
Liverpool,Manchester City,2.987005,-0.914019,0.914019,0.947125,0.947125,1.875382,1.875382,-1.843485,1.843485,-0.523667,0.523667
Liverpool,Manchester United,3.716229,-0.994372,0.994372,0.974750,0.974750,1.371036,1.371036,-2.623125,2.623125,1.763780,1.763780
Liverpool,Newcastle United,4.021610,1.978700,1.978700,-0.684693,0.684693,2.854232,2.854232,-1.901093,1.901093,-0.168801,0.168801
Liverpool,Norwich City,4.840449,1.205299,1.205299,-1.195745,1.195745,3.244677,3.244677,-2.829237,2.829237,1.419464,1.419464
Liverpool,Southampton,2.813968,0.803533,0.803533,-0.692585,0.692585,2.145212,2.145212,-1.067685,1.067685,-1.025275,1.025275
Liverpool,Stoke City,3.801680,1.556845,1.556845,-0.361091,0.361091,2.898748,2.898748,-0.450630,0.450630,1.814612,1.814612
Liverpool,Sunderland,4.807587,2.410599,2.410599,-2.259288,2.259288,3.371759,3.371759,0.541524,0.541524,0.731791,0.731791
Liverpool,Swansea City,3.335299,1.275608,1.275608,0.388716,0.388716,2.083288,2.083288,-1.656576,1.656576,1.503865,1.503865
Liverpool,Tottenham Hotspur,0.619924,0.100442,0.100442,0.207184,0.207184,0.017906,0.017906,0.195870,0.195870,-0.540931,0.540931
Liverpool,Watford,3.997382,1.717551,1.717551,-1.552890,1.552890,3.225279,3.225279,-0.231716,0.231716,0.401862,0.401862
Liverpool,West Bromwich Albion,5.045090,2.209715,2.209715,-1.908062,1.908062,3.380214,3.380214,-1.255874,1.255874,1.981495,1.981495
Liverpool,West Ham United,4.190345,1.225388,1.225388,-0.716263,0.716263,3.335698,3.335698,-2.061118,2.061118,-0.411453,0.411453
Manchester City,AFC Bournemouth,2.357519,1.496580,1.496580,-0.809003,0.809003,-0.625210,0.625210,-0.668263,0.668263,1.351368,1.351368
Manchester City,Arsenal,2.673615,0.451987,0.451987,-0.250594,0.250594,0.308875,0.308875,1.604088,1.604088,2.052468,2.052468
Manchester City,Aston Villa,3.363869,2.390510,2.390510,-1.168121,1.168121,1.235997,1.235997,0.250919,0.250919,1.626629,1.626629
Manchester City,Chelsea,1.502666,0.652870,0.652870,-0.487375,0.487375,-0.119123,0.119123,1.150898,1.150898,0.505444,0.505444
Manchester City,Crystal Palace,3.941783,2.711923,2.711923,-2.409249,2.409249,0.382239,0.382239,-0.375098,0.375098,1.446319,1.446319
Manchester City,Everton,2.814179,1.968656,1.968656,-0.761646,0.761646,0.937318,0.937318,1.577203,1.577203,0.312666,0.312666
Manchester City,Leicester City,4.360276,2.591393,2.591393,-3.228118,3.228118,0.925878,0.925878,-0.119058,0.119058,-1.002257,1.002257
Manchester City,Liverpool,2.987005,0.914019,0.914019,-0.947125,0.947125,-1.875382,1.875382,1.843485,1.843485,0.523667,0.523667
Manchester City,Manchester United,2.470190,-0.080353,0.080353,0.027624,0.027624,-0.504346,0.504346,-0.779640,0.779640,2.287447,2.287447
Manchester City,Newcastle United,3.481098,2.892718,2.892718,-1.631818,1.631818,0.978850,0.978850,-0.057609,0.057609,0.354866,0.354866
Manchester City,Norwich City,3.963059,2.119318,2.119318,-2.142870,2.142870,1.369295,1.369295,-0.985752,0.985752,1.943131,1.943131
Manchester City,Southampton,2.562209,1.717551,1.717551,-1.639710,1.639710,0.269830,0.269830,0.775800,0.775800,-0.501608,0.501608
Manchester City,Stoke City,4.033791,2.470864,2.470864,-1.308217,1.308217,1.023365,1.023365,1.392855,1.392855,2.338279,2.338279
Manchester City,Sunderland,5.553174,3.324617,3.324617,-3.206413,3.206413,1.496376,1.496376,2.385008,2.385008,1.255458,1.255458
Manchester City,Swansea City,3.048825,2.189627,2.189627,-0.558409,0.558409,0.207906,0.207906,0.186909,0.186909,2.027532,2.027532
Manchester City,Tottenham Hotspur,3.030863,1.014460,1.014460,-0.739941,0.739941,-1.857476,1.857476,2.039355,2.039355,-0.017264,0.017264
Manchester City,Watford,4.295563,2.631570,2.631570,-2.500016,2.500016,1.349897,1.349897,1.611769,1.611769,0.925529,0.925529
Manchester City,West Bromwich Albion,5.176432,3.123734,3.123734,-2.855187,2.855187,1.504832,1.504832,0.587611,0.587611,2.505162,2.505162
Manchester City,West Ham United,3.088106,2.139406,2.139406,-1.663388,1.663388,1.460316,1.460316,-0.217634,0.217634,0.112214,0.112214
Manchester United,AFC Bournemouth,2.022355,1.576933,1.576933,-0.836627,0.836627,-0.120864,0.120864,0.111377,0.111377,-0.936079,0.936079
Manchester United,Arsenal,2.599903,0.532341,0.532341,-0.278218,0.278218,0.813221,0.813221,2.383728,2.383728,-0.234979,0.234979
Manchester United,Aston Villa,3.473111,2.470864,2.470864,-1.195745,1.195745,1.740343,1.740343,1.030559,1.030559,-0.660818,0.660818
Manchester United,Chelsea,2.802454,0.733224,0.733224,-0.514999,0.514999,0.385223,0.385223,1.930538,1.930538,-1.782003,1.782003
Manchester United,Crystal Palace,3.923308,2.792277,2.792277,-2.436874,2.436874,0.886585,0.886585,0.404542,0.404542,-0.841128,0.841128
Manchester United,Everton,4.044040,2.049009,2.049009,-0.789271,0.789271,1.441664,1.441664,2.356844,2.356844,-1.974781,1.974781
Manchester United,Leicester City,5.571548,2.671747,2.671747,-3.255742,3.255742,1.430225,1.430225,0.660582,0.660582,-3.289704,3.289704
Manchester United,Liverpool,3.716229,0.994372,0.994372,-0.974750,0.974750,-1.371036,1.371036,2.623125,2.623125,-1.763780,1.763780
Manchester United,Manchester City,2.470190,0.080353,0.080353,-0.027624,0.027624,0.504346,0.504346,0.779640,0.779640,-2.287447,2.287447
Manchester United,Newcastle United,4.248408,2.973072,2.973072,-1.659442,1.659442,1.483196,1.483196,0.722031,0.722031,-1.932581,1.932581
Manchester United,Norwich City,3.636093,2.199671,2.199671,-2.170495,2.170495,1.873641,1.873641,-0.206112,0.206112,-0.344316,0.344316
Manchester United,Southampton,4.100005,1.797905,1.797905,-1.667335,1.667335,0.774176,0.774176,1.555440,1.555440,-2.789055,2.789055
Manchester United,Stoke City,3.917831,2.551217,2.551217,-1.335841,1.335841,1.527712,1.527712,2.172495,2.172495,0.050832,0.050832
Manchester United,Sunderland,6.093908,3.404971,3.404971,-3.234038,3.234038,2.000723,2.000723,3.164649,3.164649,-1.031989,1.031989
Manchester United,Swansea City,2.646757,2.269980,2.269980,-0.586034,0.586034,0.712252,0.712252,0.966549,0.966549,-0.259915,0.259915
Manchester United,Tottenham Hotspur,4.108182,1.094814,1.094814,-0.767566,0.767566,-1.353130,1.353130,2.818995,2.818995,-2.304711,2.304711
Manchester United,Watford,4.975477,2.711923,2.711923,-2.527640,2.527640,1.854243,1.854243,2.391409,2.391409,-1.361918,1.361918
Manchester United,West Bromwich Albion,4.952813,3.204087,3.204087,-2.882812,2.882812,2.009178,2.009178,1.367251,1.367251,0.217715,0.217715
Manchester United,West Ham United,4.085859,2.219760,2.219760,-1.691013,1.691013,1.964662,1.964662,0.562007,0.562007,-2.175233,2.175233
Newcastle United,AFC Bournemouth,2.562255,-1.396138,1.396138,0.822815,0.822815,-1.604060,1.604060,-0.610654,0.610654,0.996502,0.996502
Newcastle United,Arsenal,3.735894,-2.440731,2.440731,1.381224,1.381224,-0.669975,0.669975,1.661697,1.661697,1.697602,1.697602
Newcastle United,Aston Villa,1.498640,-0.502208,0.502208,0.463697,0.463697,0.257147,0.257147,0.308528,0.308528,1.271763,1.271763
Newcastle United,Chelsea,3.002561,-2.239848,2.239848,1.144443,1.144443,-1.097973,1.097973,1.208507,1.208507,0.150578,0.150578
Newcastle United,Crystal Palace,1.511655,-0.180795,0.180795,-0.777432,0.777432,-0.596611,0.596611,-0.317489,0.317489,1.091453,1.091453
Newcastle United,Everton,2.070557,-0.924063,0.924063,0.870171,0.870171,-0.041531,0.041531,1.634812,1.634812,-0.042200,0.042200
Newcastle United,Leicester City,2.118333,-0.301325,0.301325,-1.596300,1.596300,-0.052971,0.052971,-0.061449,0.061449,-1.357123,1.357123
Newcastle United,Liverpool,4.021610,-1.978700,1.978700,0.684693,0.684693,-2.854232,2.854232,1.901093,1.901093,0.168801,0.168801
Newcastle United,Manchester City,3.481098,-2.892718,2.892718,1.631818,1.631818,-0.978850,0.978850,0.057609,0.057609,-0.354866,0.354866
Newcastle United,Manchester United,4.248408,-2.973072,2.973072,1.659442,1.659442,-1.483196,1.483196,-0.722031,0.722031,1.932581,1.932581
Newcastle United,Norwich City,2.096618,-0.773400,0.773400,-0.511053,0.511053,0.390446,0.390446,-0.928143,0.928143,1.588265,1.588265
Newcastle United,Southampton,1.819864,-1.175167,1.175167,-0.007893,0.007893,-0.709019,0.709019,0.833409,0.833409,-0.856474,0.856474
Newcastle United,Stoke City,2.514445,-0.421855,0.421855,0.323601,0.323601,0.044516,0.044516,1.450464,1.450464,1.983413,1.983413
Newcastle United,Sunderland,3.116274,0.431899,0.431899,-1.574595,1.574595,0.517527,0.517527,2.442617,2.442617,0.900592,0.900592
Newcastle United,Swansea City,2.257985,-0.703091,0.703091,1.073408,1.073408,-0.770944,0.770944,0.244518,0.244518,1.672666,1.672666
Newcastle United,Tottenham Hotspur,4.111421,-1.878258,1.878258,0.891876,0.891876,-2.836326,2.836326,2.096964,2.096964,-0.372130,0.372130
Newcastle United,Watford,2.017950,-0.261148,0.261148,-0.868198,0.868198,0.371048,0.371048,1.669378,1.669378,0.570663,0.570663
Newcastle United,West Bromwich Albion,2.620447,0.231016,0.231016,-1.223370,1.223370,0.525982,0.525982,0.645220,0.645220,2.150296,2.150296
Newcastle United,West Ham United,0.940624,-0.753312,0.753312,-0.031571,0.031571,0.481467,0.481467,-0.160025,0.160025,-0.242652,0.242652
Norwich City,AFC Bournemouth,2.568276,-0.622738,0.622738,1.333868,1.333868,-1.994505,1.994505,0.317489,0.317489,-0.591763,0.591763
Norwich City,Arsenal,3.768875,-1.667331,1.667331,1.892277,1.892277,-1.060420,1.060420,2.589840,2.589840,0.109337,0.109337
Norwich City,Aston Villa,1.634313,0.271192,0.271192,0.974750,0.974750,-0.133299,0.133299,1.236671,1.236671,-0.316502,0.316502
Norwich City,Chelsea,3.706581,-1.466447,1.466447,1.655496,1.655496,-1.488418,1.488418,2.136650,2.136650,-1.437687,1.437687
Norwich City,Crystal Palace,1.419909,0.592605,0.592605,-0.266379,0.266379,-0.987056,0.987056,0.610654,0.610654,-0.496812,0.496812
Norwich City,Everton,3.368121,-0.150662,0.150662,1.381224,1.381224,-0.431977,0.431977,2.562956,2.562956,-1.630465,1.630465
Norwich City,Leicester City,3.320196,0.472076,0.472076,-1.085247,1.085247,-0.443417,0.443417,0.866694,0.866694,-2.945388,2.945388
Norwich City,Liverpool,4.840449,-1.205299,1.205299,1.195745,1.195745,-3.244677,3.244677,2.829237,2.829237,-1.419464,1.419464
Norwich City,Manchester City,3.963059,-2.119318,2.119318,2.142870,2.142870,-1.369295,1.369295,0.985752,0.985752,-1.943131,1.943131
Norwich City,Manchester United,3.636093,-2.199671,2.199671,2.170495,2.170495,-1.873641,1.873641,0.206112,0.206112,0.344316,0.344316
Norwich City,Newcastle United,2.096618,0.773400,0.773400,0.511053,0.511053,-0.390446,0.390446,0.928143,0.928143,-1.588265,1.588265
Norwich City,Southampton,3.271578,-0.401766,0.401766,0.503160,0.503160,-1.099465,1.099465,1.761552,1.761552,-2.444739,2.444739
Norwich City,Stoke City,2.598810,0.351546,0.351546,0.834654,0.834654,-0.345930,0.345930,2.378607,2.378607,0.395148,0.395148
Norwich City,Sunderland,3.799334,1.205299,1.205299,-1.063543,1.063543,0.127081,0.127081,3.370760,3.370760,-0.687673,0.687673
Norwich City,Swansea City,2.290533,0.070309,0.070309,1.584461,1.584461,-1.161389,1.161389,1.172661,1.172661,0.084401,0.084401
Norwich City,Tottenham Hotspur,5.157072,-1.104858,1.104858,1.402929,1.402929,-3.226772,3.226772,3.025107,3.025107,-1.960395,1.960395
Norwich City,Watford,2.858839,0.512252,0.512252,-0.357145,0.357145,-0.019398,0.019398,2.597521,2.597521,-1.017602,1.017602
Norwich City,West Bromwich Albion,2.079896,1.004416,1.004416,-0.712317,0.712317,0.135537,0.135537,1.573363,1.573363,0.562031,0.562031
Norwich City,West Ham United,2.044714,0.020088,0.020088,0.479482,0.479482,0.091021,0.091021,0.768119,0.768119,-1.830917,1.830917
Southampton,AFC Bournemouth,2.656848,-0.220972,0.220972,0.830708,0.830708,-0.895041,0.895041,-1.444063,1.444063,1.852976,1.852976
Southampton,Arsenal,3.277528,-1.265564,1.265564,1.389117,1.389117,0.039045,0.039045,0.828288,0.828288,2.554076,2.554076
Southampton,Aston Villa,2.532516,0.672959,0.672959,0.471589,0.471589,0.966166,0.966166,-0.524881,0.524881,2.128237,2.128237
Southampton,Chelsea,1.941020,-1.064681,1.064681,1.152336,1.152336,-0.388953,0.388953,0.375098,0.375098,1.007052,1.007052
Southampton,Crystal Palace,2.590866,0.994372,0.994372,-0.769539,0.769539,0.112409,0.112409,-1.150898,1.150898,1.947927,1.947927
Southampton,Everton,1.607756,0.251104,0.251104,0.878064,0.878064,0.667488,0.667488,0.801404,0.801404,0.814274,0.814274
Southampton,Leicester City,2.183680,0.873842,0.873842,-1.588408,1.588408,0.656048,0.656048,-0.894858,0.894858,-0.500649,0.500649
Southampton,Liverpool,2.813968,-0.803533,0.803533,0.692585,0.692585,-2.145212,2.145212,1.067685,1.067685,1.025275,1.025275
Southampton,Manchester City,2.562209,-1.717551,1.717551,1.639710,1.639710,-0.269830,0.269830,-0.775800,0.775800,0.501608,0.501608
Southampton,Manchester United,4.100005,-1.797905,1.797905,1.667335,1.667335,-0.774176,0.774176,-1.555440,1.555440,2.789055,2.789055
Southampton,Newcastle United,1.819864,1.175167,1.175167,0.007893,0.007893,0.709019,0.709019,-0.833409,0.833409,0.856474,0.856474
Southampton,Norwich City,3.271578,0.401766,0.401766,-0.503160,0.503160,1.099465,1.099465,-1.761552,1.761552,2.444739,2.444739
Southampton,Stoke City,3.113021,0.753312,0.753312,0.331494,0.331494,0.753535,0.753535,0.617055,0.617055,2.839887,2.839887
Southampton,Sunderland,3.495492,1.607066,1.607066,-1.566703,1.566703,1.226546,1.226546,1.609208,1.609208,1.757066,1.757066
Southampton,Swansea City,2.852936,0.472076,0.472076,1.081301,1.081301,-0.061924,0.061924,-0.588891,0.588891,2.529140,2.529140
Southampton,Tottenham Hotspur,2.767764,-0.703091,0.703091,0.899769,0.899769,-2.127307,2.127307,1.263555,1.263555,0.484344,0.484344
Southampton,Watford,2.340441,0.914019,0.914019,-0.860305,0.860305,1.080067,1.080067,0.835969,0.835969,1.427137,1.427137
Southampton,West Bromwich Albion,3.749139,1.406183,1.406183,-1.215477,1.215477,1.235002,1.235002,-0.188189,0.188189,3.006770,3.006770
Southampton,West Ham United,1.720310,0.421855,0.421855,-0.023678,0.023678,1.190486,1.190486,-0.993433,0.993433,0.613822,0.613822
Stoke City,AFC Bournemouth,3.022986,-0.974284,0.974284,0.499214,0.499214,-1.648576,1.648576,-2.061118,2.061118,-0.986911,0.986911
Stoke City,Arsenal,2.414794,-2.018876,2.018876,1.057623,1.057623,-0.714491,0.714491,0.211233,0.211233,-0.285811,0.285811
Stoke City,Aston Villa,1.371773,-0.080353,0.080353,0.140096,0.140096,0.212631,0.212631,-1.141936,1.141936,-0.711650,0.711650
Stoke City,Chelsea,2.949913,-1.817993,1.817993,0.820842,0.820842,-1.142489,1.142489,-0.241957,0.241957,-1.832835,1.832835
Stoke City,Crystal Palace,2.366998,0.241060,0.241060,-1.101033,1.101033,-0.641127,0.641127,-1.767953,1.767953,-0.891960,0.891960
Stoke City,Everton,2.166899,-0.502208,0.502208,0.546570,0.546570,-0.086047,0.086047,0.184348,0.184348,-2.025613,2.025613
Stoke City,Leicester City,4.141873,0.120530,0.120530,-1.919901,1.919901,-0.097487,0.097487,-1.511913,1.511913,-3.340536,3.340536
Stoke City,Liverpool,3.801680,-1.556845,1.556845,0.361091,0.361091,-2.898748,2.898748,0.450630,0.450630,-1.814612,1.814612
Stoke City,Manchester City,4.033791,-2.470864,2.470864,1.308217,1.308217,-1.023365,1.023365,-1.392855,1.392855,-2.338279,2.338279
Stoke City,Manchester United,3.917831,-2.551217,2.551217,1.335841,1.335841,-1.527712,1.527712,-2.172495,2.172495,-0.050832,0.050832
Stoke City,Newcastle United,2.514445,0.421855,0.421855,-0.323601,0.323601,-0.044516,0.044516,-1.450464,1.450464,-1.983413,1.983413
Stoke City,Norwich City,2.598810,-0.351546,0.351546,-0.834654,0.834654,0.345930,0.345930,-2.378607,2.378607,-0.395148,0.395148
Stoke City,Southampton,3.113021,-0.753312,0.753312,-0.331494,0.331494,-0.753535,0.753535,-0.617055,0.617055,-2.839887,2.839887
Stoke City,Sunderland,2.590879,0.853754,0.853754,-1.898197,1.898197,0.473011,0.473011,0.992153,0.992153,-1.082821,1.082821
Stoke City,Swansea City,1.690310,-0.281237,0.281237,0.749807,0.749807,-0.815459,0.815459,-1.205946,1.205946,-0.310748,0.310748
Stoke City,Tottenham Hotspur,4.087767,-1.456403,1.456403,0.568275,0.568275,-2.880842,2.880842,0.646500,0.646500,-2.355543,2.355543
Stoke City,Watford,1.896476,0.160707,0.160707,-1.191799,1.191799,0.326532,0.326532,0.218914,0.218914,-1.412750,1.412750
Stoke City,West Bromwich Albion,1.930657,0.652870,0.652870,-1.546971,1.546971,0.481467,0.481467,-0.805244,0.805244,0.166883,0.166883
Stoke City,West Ham United,2.824177,-0.331457,0.331457,-0.355172,0.355172,0.436951,0.436951,-1.610489,1.610489,-2.226065,2.226065
Sunderland,AFC Bournemouth,4.787702,-1.828037,1.828037,2.397410,2.397410,-2.121587,2.121587,-3.053271,3.053271,0.095910,0.095910
Sunderland,Arsenal,4.432166,-2.872630,2.872630,2.955820,2.955820,-1.187502,1.187502,-0.780921,0.780921,0.797010,0.797010
Sunderland,Aston Villa,3.128433,-0.934107,0.934107,2.038292,2.038292,-0.260380,0.260380,-2.134089,2.134089,0.371171,0.371171
Sunderland,Chelsea,4.384836,-2.671747,2.671747,2.719038,2.719038,-1.615500,1.615500,-1.234111,1.234111,-0.750014,0.750014
Sunderland,Crystal Palace,3.147504,-0.612694,0.612694,0.797164,0.797164,-1.114138,1.114138,-2.760106,2.760106,0.190860,0.190860
Sunderland,Everton,3.109577,-1.355962,1.355962,2.444767,2.444767,-0.559058,0.559058,-0.807805,0.807805,-0.942793,0.942793
Sunderland,Leicester City,3.497311,-0.733224,0.733224,-0.021705,0.021705,-0.570498,0.570498,-2.504067,2.504067,-2.257715,2.257715
Sunderland,Liverpool,4.807587,-2.410599,2.410599,2.259288,2.259288,-3.371759,3.371759,-0.541524,0.541524,-0.731791,0.731791
Sunderland,Manchester City,5.553174,-3.324617,3.324617,3.206413,3.206413,-1.496376,1.496376,-2.385008,2.385008,-1.255458,1.255458
Sunderland,Manchester United,6.093908,-3.404971,3.404971,3.234038,3.234038,-2.000723,2.000723,-3.164649,3.164649,1.031989,1.031989
Sunderland,Newcastle United,3.116274,-0.431899,0.431899,1.574595,1.574595,-0.517527,0.517527,-2.442617,2.442617,-0.900592,0.900592
Sunderland,Norwich City,3.799334,-1.205299,1.205299,1.063543,1.063543,-0.127081,0.127081,-3.370760,3.370760,0.687673,0.687673
Sunderland,Southampton,3.495492,-1.607066,1.607066,1.566703,1.566703,-1.226546,1.226546,-1.609208,1.609208,-1.757066,1.757066
Sunderland,Stoke City,2.590879,-0.853754,0.853754,1.898197,1.898197,-0.473011,0.473011,-0.992153,0.992153,1.082821,1.082821
Sunderland,Swansea City,3.922757,-1.134990,1.134990,2.648004,2.648004,-1.288470,1.288470,-2.198099,2.198099,0.772073,0.772073
Sunderland,Tottenham Hotspur,4.940439,-2.310157,2.310157,2.466472,2.466472,-3.353853,3.353853,-0.345653,0.345653,-1.272722,1.272722
Sunderland,Watford,1.306721,-0.693047,0.693047,0.706397,0.706397,-0.146479,0.146479,-0.773239,0.773239,-0.329929,0.329929
Sunderland,West Bromwich Albion,2.226248,-0.200883,0.200883,0.351226,0.351226,0.008456,0.008456,-1.797397,1.797397,1.249704,1.249704
Sunderland,West Ham United,3.444953,-1.185211,1.185211,1.543025,1.543025,-0.036060,0.036060,-2.602642,2.602642,-1.143244,1.143244
Swansea City,AFC Bournemouth,1.557469,-0.693047,0.693047,-0.250594,0.250594,-0.833116,0.833116,-0.855172,0.855172,-0.676164,0.676164
Swansea City,Arsenal,2.265691,-1.737640,1.737640,0.307816,0.307816,0.100969,0.100969,1.417179,1.417179,0.024937,0.024937
Swansea City,Aston Villa,1.278238,0.200883,0.200883,-0.609712,0.609712,1.028090,1.028090,0.064010,0.064010,-0.400903,0.400903
Swansea City,Chelsea,2.391577,-1.536757,1.536757,0.071034,0.071034,-0.327029,0.327029,0.963989,0.963989,-1.522087,1.522087
Swansea City,Crystal Palace,2.093431,0.522296,0.522296,-1.850840,1.850840,0.174333,0.174333,-0.562007,0.562007,-0.581213,0.581213
Swansea City,Everton,2.344325,-0.220972,0.220972,-0.203237,0.203237,0.729412,0.729412,1.390295,1.390295,-1.714866,1.714866
Swansea City,Leicester City,4.132491,0.401766,0.401766,-2.669709,2.669709,0.717972,0.717972,-0.305967,0.305967,-3.029788,3.029788
Swansea City,Liverpool,3.335299,-1.275608,1.275608,-0.388716,0.388716,-2.083288,2.083288,1.656576,1.656576,-1.503865,1.503865
Swansea City,Manchester City,3.048825,-2.189627,2.189627,0.558409,0.558409,-0.207906,0.207906,-0.186909,0.186909,-2.027532,2.027532
Swansea City,Manchester United,2.646757,-2.269980,2.269980,0.586034,0.586034,-0.712252,0.712252,-0.966549,0.966549,0.259915,0.259915
Swansea City,Newcastle United,2.257985,0.703091,0.703091,-1.073408,1.073408,0.770944,0.770944,-0.244518,0.244518,-1.672666,1.672666
Swansea City,Norwich City,2.290533,-0.070309,0.070309,-1.584461,1.584461,1.161389,1.161389,-1.172661,1.172661,-0.084401,0.084401
Swansea City,Southampton,2.852936,-0.472076,0.472076,-1.081301,1.081301,0.061924,0.061924,0.588891,0.588891,-2.529140,2.529140
Swansea City,Stoke City,1.690310,0.281237,0.281237,-0.749807,0.749807,0.815459,0.815459,1.205946,1.205946,0.310748,0.310748
Swansea City,Sunderland,3.922757,1.134990,1.134990,-2.648004,2.648004,1.288470,1.288470,2.198099,2.198099,-0.772073,0.772073
Swansea City,Tottenham Hotspur,3.645891,-1.175167,1.175167,-0.181532,0.181532,-2.065383,2.065383,1.852446,1.852446,-2.044795,2.044795
Swansea City,Watford,2.917864,0.441943,0.441943,-1.941606,1.941606,1.141991,1.141991,1.424860,1.424860,-1.102003,1.102003
Swansea City,West Bromwich Albion,2.866785,0.934107,0.934107,-2.296778,2.296778,1.296926,1.296926,0.400702,0.400702,0.477630,0.477630
Swansea City,West Ham United,2.573738,-0.050221,0.050221,-1.104979,1.104979,1.252410,1.252410,-0.404542,0.404542,-1.915317,1.915317
Tottenham Hotspur,AFC Bournemouth,3.310595,0.482120,0.482120,-0.069061,0.069061,1.232266,1.232266,-2.707618,2.707618,1.368632,1.368632
Tottenham Hotspur,Arsenal,3.118038,-0.562473,0.562473,0.489348,0.489348,2.166351,2.166351,-0.435267,0.435267,2.069732,2.069732
Tottenham Hotspur,Aston Villa,4.188951,1.376050,1.376050,-0.428179,0.428179,3.093473,3.093473,-1.788436,1.788436,1.643893,1.643893
Tottenham Hotspur,Chelsea,2.068572,-0.361590,0.361590,0.252567,0.252567,1.738353,1.738353,-0.888457,0.888457,0.522708,0.522708
Tottenham Hotspur,Crystal Palace,4.319253,1.697463,1.697463,-1.669308,1.669308,2.239715,2.239715,-2.414453,2.414453,1.463582,1.463582
Tottenham Hotspur,Everton,3.007370,0.954195,0.954195,-0.021705,0.021705,2.794795,2.794795,-0.462151,0.462151,0.329929,0.329929
Tottenham Hotspur,Leicester City,4.696143,1.576933,1.576933,-2.488177,2.488177,2.783355,2.783355,-2.158413,2.158413,-0.984993,0.984993
Tottenham Hotspur,Liverpool,0.619924,-0.100442,0.100442,-0.207184,0.207184,-0.017906,0.017906,-0.195870,0.195870,0.540931,0.540931
Tottenham Hotspur,Manchester City,3.030863,-1.014460,1.014460,0.739941,0.739941,1.857476,1.857476,-2.039355,2.039355,0.017264,0.017264
Tottenham Hotspur,Manchester United,4.108182,-1.094814,1.094814,0.767566,0.767566,1.353130,1.353130,-2.818995,2.818995,2.304711,2.304711
Tottenham Hotspur,Newcastle United,4.111421,1.878258,1.878258,-0.891876,0.891876,2.836326,2.836326,-2.096964,2.096964,0.372130,0.372130
Tottenham Hotspur,Norwich City,5.157072,1.104858,1.104858,-1.402929,1.402929,3.226772,3.226772,-3.025107,3.025107,1.960395,1.960395
Tottenham Hotspur,Southampton,2.767764,0.703091,0.703091,-0.899769,0.899769,2.127307,2.127307,-1.263555,1.263555,-0.484344,0.484344
Tottenham Hotspur,Stoke City,4.087767,1.456403,1.456403,-0.568275,0.568275,2.880842,2.880842,-0.646500,0.646500,2.355543,2.355543
Tottenham Hotspur,Sunderland,4.940439,2.310157,2.310157,-2.466472,2.466472,3.353853,3.353853,0.345653,0.345653,1.272722,1.272722
Tottenham Hotspur,Swansea City,3.645891,1.175167,1.175167,0.181532,0.181532,2.065383,2.065383,-1.852446,1.852446,2.044795,2.044795
Tottenham Hotspur,Watford,4.131808,1.617110,1.617110,-1.760074,1.760074,3.207374,3.207374,-0.427586,0.427586,0.942793,0.942793
Tottenham Hotspur,West Bromwich Albion,5.357109,2.109274,2.109274,-2.115246,2.115246,3.362308,3.362308,-1.451744,1.451744,2.522426,2.522426
Tottenham Hotspur,West Ham United,4.270453,1.124946,1.124946,-0.923447,0.923447,3.317793,3.317793,-2.256988,2.256988,0.129478,0.129478
Watford,AFC Bournemouth,3.664514,-1.134990,1.134990,1.691013,1.691013,-1.975108,1.975108,-2.280032,2.280032,0.425839,0.425839
Watford,Arsenal,3.487730,-2.179583,2.179583,2.249422,2.249422,-1.041022,1.041022,-0.007681,0.007681,1.126939,1.126939
Watford,Aston Villa,2.046578,-0.241060,0.241060,1.331895,1.331895,-0.113901,0.113901,-1.360850,1.360850,0.701100,0.701100
Watford,Chelsea,3.242356,-1.978700,1.978700,2.012641,2.012641,-1.469020,1.469020,-0.460871,0.460871,-0.420085,0.420085
Watford,Crystal Palace,2.273746,0.080353,0.080353,0.090766,0.090766,-0.967658,0.967658,-1.986867,1.986867,0.520790,0.520790
Watford,Everton,2.002099,-0.662915,0.662915,1.738369,1.738369,-0.412579,0.412579,-0.034565,0.034565,-0.612863,0.612863
Watford,Leicester City,2.724639,-0.040177,0.040177,-0.728102,0.728102,-0.424019,0.424019,-1.730827,1.730827,-1.927786,1.927786
Watford,Liverpool,3.997382,-1.717551,1.717551,1.552890,1.552890,-3.225279,3.225279,0.231716,0.231716,-0.401862,0.401862
Watford,Manchester City,4.295563,-2.631570,2.631570,2.500016,2.500016,-1.349897,1.349897,-1.611769,1.611769,-0.925529,0.925529
Watford,Manchester United,4.975477,-2.711923,2.711923,2.527640,2.527640,-1.854243,1.854243,-2.391409,2.391409,1.361918,1.361918
Watford,Newcastle United,2.017950,0.261148,0.261148,0.868198,0.868198,-0.371048,0.371048,-1.669378,1.669378,-0.570663,0.570663
Watford,Norwich City,2.858839,-0.512252,0.512252,0.357145,0.357145,0.019398,0.019398,-2.597521,2.597521,1.017602,1.017602
Watford,Southampton,2.340441,-0.914019,0.914019,0.860305,0.860305,-1.080067,1.080067,-0.835969,0.835969,-1.427137,1.427137
Watford,Stoke City,1.896476,-0.160707,0.160707,1.191799,1.191799,-0.326532,0.326532,-0.218914,0.218914,1.412750,1.412750
Watford,Sunderland,1.306721,0.693047,0.693047,-0.706397,0.706397,0.146479,0.146479,0.773239,0.773239,0.329929,0.329929
Watford,Swansea City,2.917864,-0.441943,0.441943,1.941606,1.941606,-1.141991,1.141991,-1.424860,1.424860,1.102003,1.102003
Watford,Tottenham Hotspur,4.131808,-1.617110,1.617110,1.760074,1.760074,-3.207374,3.207374,0.427586,0.427586,-0.942793,0.942793
Watford,West Bromwich Albion,1.984066,0.492164,0.492164,-0.355172,0.355172,0.154935,0.154935,-1.024158,1.024158,1.579633,1.579633
Watford,West Ham United,2.227680,-0.492164,0.492164,0.836627,0.836627,0.110419,0.110419,-1.829402,1.829402,-0.813314,0.813314
West Bromwich Albion,AFC Bournemouth,3.778894,-1.627154,1.627154,2.046185,2.046185,-2.130042,2.130042,-1.255874,1.255874,-1.153794,1.153794
West Bromwich Albion,Arsenal,4.073157,-2.671747,2.671747,2.604594,2.604594,-1.195957,1.195957,1.016477,1.016477,-0.452694,0.452694
West Bromwich Albion,Aston Villa,2.083570,-0.733224,0.733224,1.687067,1.687067,-0.268835,0.268835,-0.336692,0.336692,-0.878533,0.878533
West Bromwich Albion,Chelsea,4.320312,-2.470864,2.470864,2.367813,2.367813,-1.623955,1.623955,0.563287,0.563287,-1.999718,1.999718
West Bromwich Albion,Crystal Palace,1.917452,-0.411811,0.411811,0.445938,0.445938,-1.122593,1.122593,-0.962709,0.962709,-1.058843,1.058843
West Bromwich Albion,Everton,3.438826,-1.155078,1.155078,2.093541,2.093541,-0.567514,0.567514,0.989593,0.989593,-2.192496,2.192496
West Bromwich Albion,Leicester City,3.682257,-0.532341,0.532341,-0.372930,0.372930,-0.578954,0.578954,-0.706669,0.706669,-3.507419,3.507419
West Bromwich Albion,Liverpool,5.045090,-2.209715,2.209715,1.908062,1.908062,-3.380214,3.380214,1.255874,1.255874,-1.981495,1.981495
West Bromwich Albion,Manchester City,5.176432,-3.123734,3.123734,2.855187,2.855187,-1.504832,1.504832,-0.587611,0.587611,-2.505162,2.505162
West Bromwich Albion,Manchester United,4.952813,-3.204087,3.204087,2.882812,2.882812,-2.009178,2.009178,-1.367251,1.367251,-0.217715,0.217715
West Bromwich Albion,Newcastle United,2.620447,-0.231016,0.231016,1.223370,1.223370,-0.525982,0.525982,-0.645220,0.645220,-2.150296,2.150296
West Bromwich Albion,Norwich City,2.079896,-1.004416,1.004416,0.712317,0.712317,-0.135537,0.135537,-1.573363,1.573363,-0.562031,0.562031
West Bromwich Albion,Southampton,3.749139,-1.406183,1.406183,1.215477,1.215477,-1.235002,1.235002,0.188189,0.188189,-3.006770,3.006770
West Bromwich Albion,Stoke City,1.930657,-0.652870,0.652870,1.546971,1.546971,-0.481467,0.481467,0.805244,0.805244,-0.166883,0.166883
West Bromwich Albion,Sunderland,2.226248,0.200883,0.200883,-0.351226,0.351226,-0.008456,0.008456,1.797397,1.797397,-1.249704,1.249704
West Bromwich Albion,Swansea City,2.866785,-0.934107,0.934107,2.296778,2.296778,-1.296926,1.296926,-0.400702,0.400702,-0.477630,0.477630
West Bromwich Albion,Tottenham Hotspur,5.357109,-2.109274,2.109274,2.115246,2.115246,-3.362308,3.362308,1.451744,1.451744,-2.522426,2.522426
West Bromwich Albion,Watford,1.984066,-0.492164,0.492164,0.355172,0.355172,-0.154935,0.154935,1.024158,1.024158,-1.579633,1.579633
West Bromwich Albion,West Ham United,2.960724,-0.984328,0.984328,1.191799,1.191799,-0.044516,0.044516,-0.805244,0.805244,-2.392948,2.392948
West Ham United,AFC Bournemouth,2.689087,-0.642826,0.642826,0.854386,0.854386,-2.085527,2.085527,-0.450630,0.450630,1.239154,1.239154
West Ham United,Arsenal,3.640390,-1.687419,1.687419,1.412795,1.412795,-1.151441,1.151441,1.821721,1.821721,1.940254,1.940254
West Ham United,Aston Villa,1.694596,0.251104,0.251104,0.495267,0.495267,-0.224320,0.224320,0.468552,0.468552,1.514415,1.514415
West Ham United,Chelsea,2.848672,-1.486536,1.486536,1.176014,1.176014,-1.579439,1.579439,1.368531,1.368531,0.393230,0.393230
West Ham United,Crystal Palace,1.962388,0.572517,0.572517,-0.745861,0.745861,-1.078077,1.078077,-0.157464,0.157464,1.334104,1.334104
West Ham United,Everton,2.092234,-0.170751,0.170751,0.901742,0.901742,-0.522998,0.522998,1.794837,1.794837,0.200451,0.200451
West Ham United,Leicester City,2.046963,0.451987,0.451987,-1.564730,1.564730,-0.534438,0.534438,0.098575,0.098575,-1.114471,1.114471
West Ham United,Liverpool,4.190345,-1.225388,1.225388,0.716263,0.716263,-3.335698,3.335698,2.061118,2.061118,0.411453,0.411453
West Ham United,Manchester City,3.088106,-2.139406,2.139406,1.663388,1.663388,-1.460316,1.460316,0.217634,0.217634,-0.112214,0.112214
West Ham United,Manchester United,4.085859,-2.219760,2.219760,1.691013,1.691013,-1.964662,1.964662,-0.562007,0.562007,2.175233,2.175233
West Ham United,Newcastle United,0.940624,0.753312,0.753312,0.031571,0.031571,-0.481467,0.481467,0.160025,0.160025,0.242652,0.242652
West Ham United,Norwich City,2.044714,-0.020088,0.020088,-0.479482,0.479482,-0.091021,0.091021,-0.768119,0.768119,1.830917,1.830917
West Ham United,Southampton,1.720310,-0.421855,0.421855,0.023678,0.023678,-1.190486,1.190486,0.993433,0.993433,-0.613822,0.613822
West Ham United,Stoke City,2.824177,0.331457,0.331457,0.355172,0.355172,-0.436951,0.436951,1.610489,1.610489,2.226065,2.226065
West Ham United,Sunderland,3.444953,1.185211,1.185211,-1.543025,1.543025,0.036060,0.036060,2.602642,2.602642,1.143244,1.143244
West Ham United,Swansea City,2.573738,0.050221,0.050221,1.104979,1.104979,-1.252410,1.252410,0.404542,0.404542,1.915317,1.915317
West Ham United,Tottenham Hotspur,4.270453,-1.124946,1.124946,0.923447,0.923447,-3.317793,3.317793,2.256988,2.256988,-0.129478,0.129478
West Ham United,Watford,2.227680,0.492164,0.492164,-0.836627,0.836627,-0.110419,0.110419,1.829402,1.829402,0.813314,0.813314
West Ham United,West Bromwich Albion,2.960724,0.984328,0.984328,-1.191799,1.191799,0.044516,0.044516,0.805244,0.805244,2.392948,2.392948
